name	channel_id	channel_name
Conoid Tone	UCNKS_v4VhRuh4equJKoSGew	Higher Intelligence Agency - Topic
Babylonia Wind	UCS9mNlDLndpg73ejX5QNRpw	Kiyoshi Sugimoto - Topic
Gas Drawls	UCooTDYkIERWBwDC1JKyoElQ	MF DOOM - Topic
ROUTE246	UCM9H498y7FjqaWfmKCM_pbg	Yuji Ohno - Topic
Orange	UCNKS_v4VhRuh4equJKoSGew	Higher Intelligence Agency - Topic
Oceanlude	UCirTdBGw2PN7loFn2OgyTLQ	Ljones - Topic
Maintaining Scan for UFO''s	UCNKS_v4VhRuh4equJKoSGew	Higher Intelligence Agency - Topic
Summer Gypsy	UCxQQET-tQsC4cwzLow9ZsuQ	Nujabes - Topic
QKThr	UCWmnkYUzoOiOztmPBhIlZjg	Aphex Twin - Topic
おかし	UCC0p0O2MehP53JKPoXc3wdQ	Rei Harakami - Topic
Hawkmoth	UCS-j8enQVMxOZLvI9PdBUbg	Plaid
You & Explosion Band  / FULL COURSE / Southern Dream	UC_dfnWtPRoHG5bY0SyY-h1w	mko3301
M+T=E	UCNKS_v4VhRuh4equJKoSGew	Higher Intelligence Agency - Topic
Grey Sweater	UCirTdBGw2PN7loFn2OgyTLQ	Ljones - Topic
Lonely for the Road (Unedited Version)	UCM9H498y7FjqaWfmKCM_pbg	Yuji Ohno - Topic
No Answer	UCQ2_kTDMFlrRy8vCQWQHRvA	Tennyson - Topic
Meltphace 6	UCWmnkYUzoOiOztmPBhIlZjg	Aphex Twin - Topic
おむかえ	UCC0p0O2MehP53JKPoXc3wdQ	Rei Harakami - Topic
vista	UCqlmvUV0P4eBcMB-zxkAgNg	Arceâs - Topic
Pacific	UCirTdBGw2PN7loFn2OgyTLQ	Ljones - Topic
Bossa Blunts	UCirTdBGw2PN7loFn2OgyTLQ	Ljones - Topic
You & Explosion Band / FULL COURSE / Metallic Moon	UC_dfnWtPRoHG5bY0SyY-h1w	mko3301
Re-echo	UCNKS_v4VhRuh4equJKoSGew	Higher Intelligence Agency - Topic
Meadow	UCirTdBGw2PN7loFn2OgyTLQ	Ljones - Topic
Want	UCirTdBGw2PN7loFn2OgyTLQ	Ljones - Topic
Sky Diver	UCNKS_v4VhRuh4equJKoSGew	Higher Intelligence Agency - Topic
Golden Boy	UCirTdBGw2PN7loFn2OgyTLQ	Ljones - Topic
Flowing Violet	UC4zL6AlLAQYFPAuv5WK68eg	Blazo - Topic
わすれもの	UCC0p0O2MehP53JKPoXc3wdQ	Rei Harakami - Topic
Ljones - Jazz Technician	UCc-gd9fvcUB83oevw4DYspw	Emporium Three
Nujabes - Luv(sic) feat.Shing02 [Official Audio]	UCO5XcuQe_fLJVI3sZ0LmGCA	Nujabes
You & Explosion Band / FULL COURSE / Lollipop Train	UC_dfnWtPRoHG5bY0SyY-h1w	mko3301
Ketamine Entity (Axiom Mix)	UCNKS_v4VhRuh4equJKoSGew	Higher Intelligence Agency - Topic
Rapp Snitch Knishes	UCooTDYkIERWBwDC1JKyoElQ	MF DOOM - Topic
さようなら	UCC0p0O2MehP53JKPoXc3wdQ	Rei Harakami - Topic
Spiritual State	UCxQQET-tQsC4cwzLow9ZsuQ	Nujabes - Topic
Ikaw	UCirTdBGw2PN7loFn2OgyTLQ	Ljones - Topic
Breeze	UCM1gnW6JHclkP_3rMDRDOrw	Sergey Muzarks - Topic
Little Poem	UCirTdBGw2PN7loFn2OgyTLQ	Ljones - Topic
sonrisa	UCqlmvUV0P4eBcMB-zxkAgNg	Arceâs - Topic
You & Explosion Band / FULL COURSE / Manhattan Life	UC_dfnWtPRoHG5bY0SyY-h1w	mko3301
Battlecry	UC4CYcezyK5GBeIjM6Jc4gFw	Anime OST
Beleza Pula	UCh2rvH6MGKYC-UHjTA1-eIQ	Masayoshi Takanaka - Topic
Gone Are The Days	UCxQQET-tQsC4cwzLow9ZsuQ	Nujabes - Topic
Summer Boy	UCirTdBGw2PN7loFn2OgyTLQ	Ljones - Topic
Infinity	UCM1gnW6JHclkP_3rMDRDOrw	Sergey Muzarks - Topic
Better Luck Next Time	UCirTdBGw2PN7loFn2OgyTLQ	Ljones - Topic
Blue Asia - Hotel Ibah (2000) FULL ALBUM	UC-jln7H9BVxgX1zZvDcDatg	Kuma''s campfire
You & Explosion Band / FULL COURSE /  As You Like It	UC_dfnWtPRoHG5bY0SyY-h1w	mko3301
Nujabes - The Space Between Two World	UCIk6zRJ2kFDQI5IJabjUO_w	dogsoap
A Port Town Illumination YAKEI	UCM9H498y7FjqaWfmKCM_pbg	Yuji Ohno - Topic
Color of Autumn	UCxQQET-tQsC4cwzLow9ZsuQ	Nujabes - Topic
Fruit Platter	UCirTdBGw2PN7loFn2OgyTLQ	Ljones - Topic
Origin Unknown - Valley Of The Shadows ᴴᴰ	UCjY8quWhrdAXuiP-8iTKQ7w	4nheru
Intense - Natural Progression	UCNVXCK1Z9QW0pXuavuNPx0g	matee88
Deep Space Network meets Higher Intelligence Agency (1996) FULL ALBUM	UC-jln7H9BVxgX1zZvDcDatg	Kuma''s campfire
You & Explosion Band / FULL COURSE / Michy''s Walk	UC_dfnWtPRoHG5bY0SyY-h1w	mko3301
Nujabes - Kujaku (Samurai Champloo OST) . Track 04	UClFlC1aKHyHNT5fxfMIXbOA	DIVAZ
Dream Hill	UCVc0F74TcYIT_g7n0_G_tmQ	CASIOPEA - Topic
Dawn on the Side	UCxQQET-tQsC4cwzLow9ZsuQ	Nujabes - Topic
Appleseed	UCirTdBGw2PN7loFn2OgyTLQ	Ljones - Topic
DJ Crystl - Meditation - CRYS012	UC6T6BCG9j2e_2G1RqtRskIA	hardcorejunglismtv
Feather	UCO5XcuQe_fLJVI3sZ0LmGCA	Nujabes
C.R.E.A.M.	UCdQKMtGgbbahJWE3rkPaGoA	Wu-Tang Clan - Topic
Bit 4	UCWmnkYUzoOiOztmPBhIlZjg	Aphex Twin - Topic
Norio Maeda ''''meets'''' Tin Pan Alley - Soul Samba Holiday in  Brazil (1977) FULL ALBUM	UC-jln7H9BVxgX1zZvDcDatg	Kuma''s campfire
You & Explosion Band / FULL COURSE / Rainbow Dinner	UC_dfnWtPRoHG5bY0SyY-h1w	mko3301
Samurai Champloo - Mystline	UCHRGXNGH8yoL7OPRsYpCL8A	chakabantou
Haruomi Hosono - S-F-X	UCYMQ2Tf9TsUiwMqjuM1Ytuw	࡛
Counting Stars	UCxQQET-tQsC4cwzLow9ZsuQ	Nujabes - Topic
Yes	UCxQQET-tQsC4cwzLow9ZsuQ	Nujabes - Topic
Picnic	UCirTdBGw2PN7loFn2OgyTLQ	Ljones - Topic
sotsugyou-karaoke-	UCC0p0O2MehP53JKPoXc3wdQ	Rei Harakami - Topic
Peace	UCirTdBGw2PN7loFn2OgyTLQ	Ljones - Topic
Hypersleep (97 Revamp)	UCi6ohvl7BzTPaCy_6UFmzlw	Voyager - Topic
Stevia - Fruits Of The Room (1997) FULL ALBUM	UC-jln7H9BVxgX1zZvDcDatg	Kuma''s campfire
Elapse	UCNKS_v4VhRuh4equJKoSGew	Higher Intelligence Agency - Topic
Fat Jon , Nujabes - 1st Samurai	UCLGHCb3MjfCMRswZLJxaBwA	Powni
Boy Bawang	UCirTdBGw2PN7loFn2OgyTLQ	Ljones - Topic
Cafe	UCxdWWf901ZobFU2ZX4ERaLg	June K. Lee
Jazz Cartel - Blue Haze	UCkWmPgKjsiPk5FreDj9aAUQ	Ari Arnarsson
Rainyway Back Home	UCxQQET-tQsC4cwzLow9ZsuQ	Nujabes - Topic
Pastel Sea	UCVc0F74TcYIT_g7n0_G_tmQ	CASIOPEA - Topic
Horizon	UCO5XcuQe_fLJVI3sZ0LmGCA	Nujabes
Afx237 v.7	UCWmnkYUzoOiOztmPBhIlZjg	Aphex Twin - Topic
Haruomi Hosono - Coincidental Music (1985) FULL ALBUM	UC-jln7H9BVxgX1zZvDcDatg	Kuma''s campfire
Hubble	UCNKS_v4VhRuh4equJKoSGew	Higher Intelligence Agency - Topic
Nujabes / Fat Jon - Ole	UCwuNE3EgYnwEOGC8bO91GNw	TheCosmiCInterlude
Quiet Place	UCNOACWKwYX0NnEiWhqbTVEg	Mahdi Chishty - Topic
Far Fowls	UCxQQET-tQsC4cwzLow9ZsuQ	Nujabes - Topic
Rain Skater	UCirTdBGw2PN7loFn2OgyTLQ	Ljones - Topic
Sea of Cloud	UCO5XcuQe_fLJVI3sZ0LmGCA	Nujabes
OH	UCj_N3cY01lMhGHJlUfrl3gw	Plaid - Topic
Smile Again	UCVc0F74TcYIT_g7n0_G_tmQ	CASIOPEA - Topic
Electric Blue - Deepness	UCzbs0b0PdSn2sBzLeiZU5EQ	NElNSHlT
Fleagle	UCNKS_v4VhRuh4equJKoSGew	Higher Intelligence Agency - Topic
Fat Jon, Nujabes - 624 Part 2	UCLGHCb3MjfCMRswZLJxaBwA	Powni
Another Reflection	UCxQQET-tQsC4cwzLow9ZsuQ	Nujabes - Topic
Fellows	UCxQQET-tQsC4cwzLow9ZsuQ	Nujabes - Topic
Self Reflect	UCirTdBGw2PN7loFn2OgyTLQ	Ljones - Topic
Zephyr''s Flutter	UCH6d5DoeSvQoRSI01Ty_esg	NIKK BLVKK - Topic
Lornaderek	UCWmnkYUzoOiOztmPBhIlZjg	Aphex Twin - Topic
Only You	UC898jEM5eSJuz5gUA1_W1-g	VOID - Electronic Music
Swear (Live at Chuo Kaikan Hall, Tokyo, Feb. 1982)	UCVc0F74TcYIT_g7n0_G_tmQ	CASIOPEA - Topic
Thirteen	UCNKS_v4VhRuh4equJKoSGew	Higher Intelligence Agency - Topic
Nujabes - Genome (Samurai Champloo OST) . Track 09	UClFlC1aKHyHNT5fxfMIXbOA	DIVAZ
Nujabes   Aruarian dance	UClIomPI_-bc4H8fmR3l8sdA	Lil Brown
Prayer	UCxQQET-tQsC4cwzLow9ZsuQ	Nujabes - Topic
On Call	UCirTdBGw2PN7loFn2OgyTLQ	Ljones - Topic
The Gathering	UCH6d5DoeSvQoRSI01Ty_esg	NIKK BLVKK - Topic
Prep Gwarlek 3b	UCWmnkYUzoOiOztmPBhIlZjg	Aphex Twin - Topic
A Sparkling Day	UCVc0F74TcYIT_g7n0_G_tmQ	CASIOPEA - Topic
Skank	UCNKS_v4VhRuh4equJKoSGew	Higher Intelligence Agency - Topic
Nujabes / Fat Jon - No way back	UCwuNE3EgYnwEOGC8bO91GNw	TheCosmiCInterlude
Intense - Positive Notions	UCdNcuTHuGnEYktVJ9JjUHkg	isgoanrain
November Mood	UCirTdBGw2PN7loFn2OgyTLQ	Ljones - Topic
Island	UCxQQET-tQsC4cwzLow9ZsuQ	Nujabes - Topic
Covid-Flo	UCirTdBGw2PN7loFn2OgyTLQ	Ljones - Topic
Counting	UCfZGCfvNELLPbRptzsZ4t6w	Yasumu - Topic
Takipsilim	UCirTdBGw2PN7loFn2OgyTLQ	Ljones - Topic
Span Of A Dream	UCVc0F74TcYIT_g7n0_G_tmQ	CASIOPEA - Topic
Tortoise	UCNKS_v4VhRuh4equJKoSGew	Higher Intelligence Agency - Topic
Nujabes/Fat Jon - Funkin (Samurai Champloo OST)	UCo9zhc60A9KUkcmDZ78zDGg	Z  A  K  K  A  T  E  N  ざっかてん
Down	UCQtUE-wrHVrsNjNKu3x0NxA	Reprazent - Topic
Sky is Tumbling	UCxQQET-tQsC4cwzLow9ZsuQ	Nujabes - Topic
Dice	UCirTdBGw2PN7loFn2OgyTLQ	Ljones - Topic
Nujabes - Nightshift (Samurai Champloo OST) . Track 02	UClFlC1aKHyHNT5fxfMIXbOA	DIVAZ
Domino Line	UCVc0F74TcYIT_g7n0_G_tmQ	CASIOPEA - Topic
Ting	UCNKS_v4VhRuh4equJKoSGew	Higher Intelligence Agency - Topic
alegría	UCqlmvUV0P4eBcMB-zxkAgNg	Arceâs - Topic
Nujabes / Fat Jon - Stay	UCwuNE3EgYnwEOGC8bO91GNw	TheCosmiCInterlude
Monstera	UCirTdBGw2PN7loFn2OgyTLQ	Ljones - Topic
Fuze - Anything Goes	UCzbs0b0PdSn2sBzLeiZU5EQ	NElNSHlT
Sky Is Falling	UCO5XcuQe_fLJVI3sZ0LmGCA	Nujabes
The Final View	UCO5XcuQe_fLJVI3sZ0LmGCA	Nujabes
Led Curve Again	UCC0p0O2MehP53JKPoXc3wdQ	Rei Harakami - Topic
Nanou2	UCWmnkYUzoOiOztmPBhIlZjg	Aphex Twin - Topic
GALACTIC FUNK	UCVc0F74TcYIT_g7n0_G_tmQ	CASIOPEA - Topic
Pinkgreen	UCNKS_v4VhRuh4equJKoSGew	Higher Intelligence Agency - Topic
Samurai Champloo - chambers [Depature OST]	UCLGHCb3MjfCMRswZLJxaBwA	Powni
Fly	UCirTdBGw2PN7loFn2OgyTLQ	Ljones - Topic
Soul Beat Runna	UCW8TDhuUEgDvYE0GACG1-yA	Boymerang - Topic
70s Japanese Jazz Mix (Modal Jazz, Soul Jazz, Jazz Funk, Rare Groove...)	UCwsGfP7Y3D84a_zcwKg_2Vw	Magical Mystery Mix
Blessing It (remix)	UCO5XcuQe_fLJVI3sZ0LmGCA	Nujabes
odennomae	UCC0p0O2MehP53JKPoXc3wdQ	Rei Harakami - Topic
Sunnyside Feelin''	UCVc0F74TcYIT_g7n0_G_tmQ	CASIOPEA - Topic
Taz	UCNKS_v4VhRuh4equJKoSGew	Higher Intelligence Agency - Topic
Fat Jon, Nujabes - Ask	UCLGHCb3MjfCMRswZLJxaBwA	Powni
Awenda	UCirTdBGw2PN7loFn2OgyTLQ	Ljones - Topic
Circles (7'''' Edit)	UC8QJIFNfUWfU_s3zIQu0_Dw	Adam F - Topic
Ap hex Tw in - Druk qs (Full Album)	UCcJVfp-gu-fEhr5Ch4sEc_Q	Next View
MITAMA	UCKaMgVjh3lcsORr-OC9Dxdg	SANOVA - Topic
Jynweythek Ylow	UCWmnkYUzoOiOztmPBhIlZjg	Aphex Twin - Topic
四季ノ唄	UCOi-UdY8K_1-x9ohwERcw8g	MINMI - Topic
Seasons	UCirTdBGw2PN7loFn2OgyTLQ	Ljones - Topic
Any Moment (We''ll Be One)	UCVc0F74TcYIT_g7n0_G_tmQ	CASIOPEA - Topic
on	UCC0p0O2MehP53JKPoXc3wdQ	Rei Harakami - Topic
Yoshino Spliff	UCirTdBGw2PN7loFn2OgyTLQ	Ljones - Topic
Shifty - Jazz Ass	UC5YHOItWXGNKG6EDFMf6jpA	TurntableTastemaker
joy	UCC0p0O2MehP53JKPoXc3wdQ	Rei Harakami - Topic
Trick or	UCKaMgVjh3lcsORr-OC9Dxdg	SANOVA - Topic
Vordhosbn	UCWmnkYUzoOiOztmPBhIlZjg	Aphex Twin - Topic
Fat Jon , Nujabes - 624 Part 1	UCLGHCb3MjfCMRswZLJxaBwA	Powni
Endless Vision	UCVc0F74TcYIT_g7n0_G_tmQ	CASIOPEA - Topic
more elbow	UCC0p0O2MehP53JKPoXc3wdQ	Rei Harakami - Topic
Fat Jon , Nujabes - How you feel	UCLGHCb3MjfCMRswZLJxaBwA	Powni
Rose Water	UCirTdBGw2PN7loFn2OgyTLQ	Ljones - Topic
Jesse Bru - IWD	UCrlNi8Z5TXfWJf4psK76KWw	Délicieuse Musique
sequence_02	UCC0p0O2MehP53JKPoXc3wdQ	Rei Harakami - Topic
花天月地	UCKaMgVjh3lcsORr-OC9Dxdg	SANOVA - Topic
Kladfvgbung Mischk	UCWmnkYUzoOiOztmPBhIlZjg	Aphex Twin - Topic
Blue Asia - Abyssinean Dub (Japan)	UCnMh3bdFDE-icbzG3Tx1R8w	müzik kumbarası
dessert	UCC0p0O2MehP53JKPoXc3wdQ	Rei Harakami - Topic
Goodbye Waves	UCirTdBGw2PN7loFn2OgyTLQ	Ljones - Topic
Brasilian Skies	UCh2rvH6MGKYC-UHjTA1-eIQ	Masayoshi Takanaka - Topic
Day by Day	UCirTdBGw2PN7loFn2OgyTLQ	Ljones - Topic
Damn it	UCKaMgVjh3lcsORr-OC9Dxdg	SANOVA - Topic
Omgyjya-Switch7	UCWmnkYUzoOiOztmPBhIlZjg	Aphex Twin - Topic
Ziggomatic 17	UCWmnkYUzoOiOztmPBhIlZjg	Aphex Twin - Topic
Beskhu3epnm	UCWmnkYUzoOiOztmPBhIlZjg	Aphex Twin - Topic
Take Me	UCVc0F74TcYIT_g7n0_G_tmQ	CASIOPEA - Topic
wreck	UCC0p0O2MehP53JKPoXc3wdQ	Rei Harakami - Topic
Ljones - Introductions	UCRY9wrckuYWVSUophKtfSrA	Oublie Musique
Star Wars Samba	UCh2rvH6MGKYC-UHjTA1-eIQ	Masayoshi Takanaka - Topic
Asian Dancer	UCZUpjt5qp-UEwIeKl38ZMyg	fox capture plan - Topic
natsuno Utage	UCKaMgVjh3lcsORr-OC9Dxdg	SANOVA - Topic
Strotha Tynhe	UCWmnkYUzoOiOztmPBhIlZjg	Aphex Twin - Topic
Tsuchie - Breeezin''	UCLGHCb3MjfCMRswZLJxaBwA	Powni
Asayake	UCVc0F74TcYIT_g7n0_G_tmQ	CASIOPEA - Topic
rho	UCC0p0O2MehP53JKPoXc3wdQ	Rei Harakami - Topic
Ljones - ArtOfficial Strawberries	UCRY9wrckuYWVSUophKtfSrA	Oublie Musique
Funky Holo Holo Bird	UCh2rvH6MGKYC-UHjTA1-eIQ	Masayoshi Takanaka - Topic
Heart of Cosmos	UCu3vibktIMlgIkkluCiRhFw	PRIMITIVE ART ORCHESTRA - Topic
Flat_Coke.wav	UC0G9HyzYOgt2LQwhFc_ZjNQ	EZweb
Gwely Mernans	UCWmnkYUzoOiOztmPBhIlZjg	Aphex Twin - Topic
Midnight Rendezvous	UCVc0F74TcYIT_g7n0_G_tmQ	CASIOPEA - Topic
pass	UCC0p0O2MehP53JKPoXc3wdQ	Rei Harakami - Topic
Father	UCWmnkYUzoOiOztmPBhIlZjg	Aphex Twin - Topic
LJones - Cruising Blue	UCnnSnBQVodHYvW9uiCD7Mag	babypa 熱帯ブルー
Spades	UCirTdBGw2PN7loFn2OgyTLQ	Ljones - Topic
Ego	UCirTdBGw2PN7loFn2OgyTLQ	Ljones - Topic
Ljones - Mango Kimono	UCRY9wrckuYWVSUophKtfSrA	Oublie Musique
勤王の志士へ告ぐ	UCKaMgVjh3lcsORr-OC9Dxdg	SANOVA - Topic
Raid	UCvYD4mt2SEikFlX0iJmTKvw	Madvillain - Topic
Kumomi	UCxQQET-tQsC4cwzLow9ZsuQ	Nujabes - Topic
Bbydhyonchord	UCWmnkYUzoOiOztmPBhIlZjg	Aphex Twin - Topic
Samurai Champloo - Here and there	UCLGHCb3MjfCMRswZLJxaBwA	Powni
F.I.L.O.	UCxQQET-tQsC4cwzLow9ZsuQ	Nujabes - Topic
Time Limit	UCVc0F74TcYIT_g7n0_G_tmQ	CASIOPEA - Topic
vice versa	UCC0p0O2MehP53JKPoXc3wdQ	Rei Harakami - Topic
LJones - Feelings, Mutual	UCbCoUV9aGY1AyyOegcuTOKw	Music For Your Soul
double flat	UCC0p0O2MehP53JKPoXc3wdQ	Rei Harakami - Topic
Lady Brown	UCO5XcuQe_fLJVI3sZ0LmGCA	Nujabes
Born Slippy	UCZUpjt5qp-UEwIeKl38ZMyg	fox capture plan - Topic
Flying	UCVc0F74TcYIT_g7n0_G_tmQ	CASIOPEA - Topic
Cock/ver10	UCWmnkYUzoOiOztmPBhIlZjg	Aphex Twin - Topic
Tears Of The Star	UCVc0F74TcYIT_g7n0_G_tmQ	CASIOPEA - Topic
code	UCC0p0O2MehP53JKPoXc3wdQ	Rei Harakami - Topic
Smoke	UCirTdBGw2PN7loFn2OgyTLQ	Ljones - Topic
LJones - Autumn Groove	UCbCoUV9aGY1AyyOegcuTOKw	Music For Your Soul
300ml (milk)	UCC0p0O2MehP53JKPoXc3wdQ	Rei Harakami - Topic
Nujabes-World Without Words	UCnZEM06Ex1JpR1vxxJBw1yg	JantyFi
Waltz for Life Will Born	UCJc0E-5k3E7aKCCbsN1eDQg	uyama hiroto - Topic
Avril 14th	UCWmnkYUzoOiOztmPBhIlZjg	Aphex Twin - Topic
Breeze	UCzbk32zHUl83sSMHjN1nNTg	Jiro Inagaki - Topic
after bonus	UCC0p0O2MehP53JKPoXc3wdQ	Rei Harakami - Topic
Ladybug	UCirTdBGw2PN7loFn2OgyTLQ	Ljones - Topic
Ljones - Soul Below	UCbCoUV9aGY1AyyOegcuTOKw	Music For Your Soul
triple flat	UCC0p0O2MehP53JKPoXc3wdQ	Rei Harakami - Topic
Reflection Eternal	UCO5XcuQe_fLJVI3sZ0LmGCA	Nujabes
Spike Spiegel	UCw02oGFeqYXl14LcyKhOTYw	Saib - Topic
Mt Saint Michel + Saint Michaels Mount	UCWmnkYUzoOiOztmPBhIlZjg	Aphex Twin - Topic
Indigo Jam Unit - Adrenaline	UCpYLI1tDW0NEcIIqk1DtB2Q	Mòe
objective contents	UCC0p0O2MehP53JKPoXc3wdQ	Rei Harakami - Topic
Green Tea	UCirTdBGw2PN7loFn2OgyTLQ	Ljones - Topic
LJones - July	UCHJCZ2QUD-WAJTGikMs9B4Q	DLoaw
299ml (gu-nu)	UCC0p0O2MehP53JKPoXc3wdQ	Rei Harakami - Topic
JumpUP!	UCj6Zepl6SvYZCW8PvgUHzGg	PE''Z - Topic
Tokyo Reggie	UCh2rvH6MGKYC-UHjTA1-eIQ	Masayoshi Takanaka - Topic
Gwarek2	UCWmnkYUzoOiOztmPBhIlZjg	Aphex Twin - Topic
Shrimp Dance	UC3_4xTdoyha6Qy7AGk0v0rg	Hiroshi Suzuki - Topic
bioscope	UCC0p0O2MehP53JKPoXc3wdQ	Rei Harakami - Topic
Bright	UCirTdBGw2PN7loFn2OgyTLQ	Ljones - Topic
Taking Control	UCWmnkYUzoOiOztmPBhIlZjg	Aphex Twin - Topic
LJones - Always Find You	UCbCoUV9aGY1AyyOegcuTOKw	Music For Your Soul
schw schw	UCC0p0O2MehP53JKPoXc3wdQ	Rei Harakami - Topic
Dance''em All	UCRRZCWL7d4NfGMgA5ehTbMQ	TRI4TH - Topic
Mandarin	UCq7xsE-XvIjlzfxcQRi9SMg	Nicholas Cheung - Topic
Orban Eq Trx 4	UCWmnkYUzoOiOztmPBhIlZjg	Aphex Twin - Topic
In The Twilight	UCjbIpDwFHq2QYh4FsWmhgCg	SOIL&"PIMP"SESSIONS - Topic
unrest	UCC0p0O2MehP53JKPoXc3wdQ	Rei Harakami - Topic
Pinecones	UCirTdBGw2PN7loFn2OgyTLQ	Ljones - Topic
Ljones - Nakanaide	UCRY9wrckuYWVSUophKtfSrA	Oublie Musique
にじぞう	UCC0p0O2MehP53JKPoXc3wdQ	Rei Harakami - Topic
Euphoric	UCJz7oJAi7slItVk-XP5mNPA	H ZETTRIO - Topic
Windspeaks	UCJc0E-5k3E7aKCCbsN1eDQg	uyama hiroto - Topic
Aussois	UCWmnkYUzoOiOztmPBhIlZjg	Aphex Twin - Topic
Qualia	UCu3vibktIMlgIkkluCiRhFw	PRIMITIVE ART ORCHESTRA - Topic
Delta	UCNKS_v4VhRuh4equJKoSGew	Higher Intelligence Agency - Topic
Vertical	UCirTdBGw2PN7loFn2OgyTLQ	Ljones - Topic
Ljones - To the Groove	UCbCoUV9aGY1AyyOegcuTOKw	Music For Your Soul
Assault On Precinct Zero	UCj_N3cY01lMhGHJlUfrl3gw	Plaid - Topic
LTJ Bukem Horizons (Vinyl)	UC12PaRR8SX_5Pnkn0_4hpVA	mb7891
Sunflowers	UCw02oGFeqYXl14LcyKhOTYw	Saib - Topic
Hy A Scullyas Lyf Adhagrow	UCWmnkYUzoOiOztmPBhIlZjg	Aphex Twin - Topic
東海道メガロポリス	UCKaMgVjh3lcsORr-OC9Dxdg	SANOVA - Topic
Speedlearn (Empathy Mix)	UCNKS_v4VhRuh4equJKoSGew	Higher Intelligence Agency - Topic
Waterboye	UCirTdBGw2PN7loFn2OgyTLQ	Ljones - Topic
Nas - It Ain''t Hard To Tell (Ljones remix)	UChna7uHanzUiifMJGSIgkPA	IAmPeteRockFan
あるテーマ	UCC0p0O2MehP53JKPoXc3wdQ	Rei Harakami - Topic
RŮDE - Breeze	UC3rcrZxH9VW73L2gZtHlU2g	RŮDE
Imaginary Folklore	UCl19_P9Md57VyB50SRvWp5A	Clammbon - Topic
Kesson Daslef	UCWmnkYUzoOiOztmPBhIlZjg	Aphex Twin - Topic
Sweet Tears	UCVOf22gPWLXrOGg-Loalrqg	artoftube
RŮDE - Paradise	UC3rcrZxH9VW73L2gZtHlU2g	RŮDE
いとぐち	UCC0p0O2MehP53JKPoXc3wdQ	Rei Harakami - Topic
Reflection	UCirTdBGw2PN7loFn2OgyTLQ	Ljones - Topic
Influx	UCNKS_v4VhRuh4equJKoSGew	Higher Intelligence Agency - Topic
Intruder Detector	UCNKS_v4VhRuh4equJKoSGew	Higher Intelligence Agency - Topic
Fresh Green	UC4zL6AlLAQYFPAuv5WK68eg	Blazo - Topic
54 Cymru Beats	UCWmnkYUzoOiOztmPBhIlZjg	Aphex Twin - Topic
Ruglen Holon	UCWmnkYUzoOiOztmPBhIlZjg	Aphex Twin - Topic
きえたこい	UCC0p0O2MehP53JKPoXc3wdQ	Rei Harakami - Topic
Sailing Alone	UCVc0F74TcYIT_g7n0_G_tmQ	CASIOPEA - Topic
Gentle Wave	UCM_qbhXjj2RJHmjWTw88AsQ	Various Artists - Topic
Spectral	UCNKS_v4VhRuh4equJKoSGew	Higher Intelligence Agency - Topic
Javelin	UCirTdBGw2PN7loFn2OgyTLQ	Ljones - Topic
Space Intercerptors	UCNKS_v4VhRuh4equJKoSGew	Higher Intelligence Agency - Topic
まちぶせ	UCC0p0O2MehP53JKPoXc3wdQ	Rei Harakami - Topic
Soulful	UCxXn2yb4qJbG0bKmr3wa4JA	L''Indécis - Topic
Petiatil Cx Htdui	UCWmnkYUzoOiOztmPBhIlZjg	Aphex Twin - Topic
Other Side of Phase	UCxQQET-tQsC4cwzLow9ZsuQ	Nujabes - Topic
Btoum-Roumada	UCWmnkYUzoOiOztmPBhIlZjg	Aphex Twin - Topic
